<?xml version="1.0"?>
<doc>
    <assembly>
        <name>BP.API</name>
    </assembly>
    <members>
        <member name="M:BP.API.Shared.Extensions.ExceptionHandlerExtensions.UseGlobalExceptionHandler(Microsoft.AspNetCore.Builder.IApplicationBuilder,Microsoft.Extensions.Configuration.IConfiguration,Microsoft.AspNetCore.Hosting.IHostingEnvironment)">
            <summary>
            Midleware para capturar as exceptions.
            </summary>
            <param name="app"></param>
            <param name="configuration"></param>
            <param name="env"></param>
        </member>
    </members>
</doc>
